[
{"name": "C4BPI05 LD01","title":"LD01","type":"machine","status":"","color":"#ffff7f","position":"absolute","left":"39.99999px","top":"146px","width":"70px","height":"139px"},
{"name": "C4BPI05 LD01 L03","title":"P03","type":"","status":"","color":"#f0f0f0","position":"absolute","left":"81.99998px","top":"184px","width":"23px","height":"23px"},
{"name": "C4BPI05 LD01 L02","title":"P02","type":"","status":"","color":"#f0f0f0","position":"absolute","left":"81.99998px","top":"217px","width":"23px","height":"23px"},
{"name": "C4BPI05 LD01 L01","title":"P01","type":"","status":"","color":"#f0f0f0","position":"absolute","left":"81.99998px","top":"250px","width":"23px","height":"23.00003px"},
{"name": "C4BPI05 LD01 CV3","title":"CV3","type":"","status":"","color":"#f0f0f0","position":"absolute","left":"54px","top":"185px","width":"21px","height":"22px"},
{"name": "C4BPI05 LD01 CV2","title":"CV2","type":"","status":"","color":"#f0f0f0","position":"absolute","left":"54px","top":"217px","width":"21px","height":"22px"},
{"name": "C4BPI05 LD01 CV1","title":"CV1","type":"","status":"","color":"#f0f0f0","position":"absolute","left":"54px","top":"250px","width":"21px","height":"22px"},
{"name": "C4BPI05 LD01 CV4","title":"CV4","type":"","status":"","color":"#f0f0f0","position":"absolute","left":"54px","top":"159px","width":"55px","height":"19px"},
{"name": "C4BPI05 CLN1","title":"CLN1","type":"machine","status":"","color":"#f0f0f0","position":"absolute","left":"111.0001px","top":"147px","width":"81.00002px","height":"60px"},
{"name": "C4BPI05 CLN1 CLN","title":"CLN","type":"","status":"","color":"#f0f0f0","position":"absolute","left":"119px","top":"162px","width":"60.00012px","height":"29px"},
{"name": "C4BPI05 TR01","title":"TR01","type":"machine","status":"","color":"#ffff7f","position":"absolute","left":"193px","top":"147px","width":"57.00005px","height":"60px"},
{"name": "C4BPI05 TR01 B01","title":"BF01","type":"","status":"","color":"#f0f0f0","position":"absolute","left":"203.9999px","top":"190px","width":"20.00012px","height":"16.00002px"},
{"name": "C4BPI05 TR01 RBT","title":"RBT","type":"","status":"","color":"#f0f0f0","position":"absolute","left":"207px","top":"158px","width":"23.00009px","height":"25.99998px"},
{"name": "C4BPI05 TR01 TA1","title":"TA1","type":"","status":"","color":"#f0f0f0","position":"absolute","left":"231px","top":"168px","width":"18.0001px","height":"16.99998px"},
{"name": "C4BPI05 TR02","title":"TR02","type":"machine","status":"","color":"#f0f0f0","position":"absolute","left":"251px","top":"147px","width":"57.00006px","height":"60px"},
{"name": "C4BPI05 TR02 RBT","title":"RBT","type":"","status":"","color":"#f0f0f0","position":"absolute","left":"253px","top":"169px","width":"24.99999px","height":"23px"},
{"name": "C4BPI05 TR02 TA1","title":"TA1","type":"","status":"","color":"#f0f0f0","position":"absolute","left":"290px","top":"171px","width":"18.0001px","height":"16.99998px"},
{"name": "C4BPI05 COA2","title":"","type":"","status":"","color":"#f0f0f0","position":"absolute","left":"252px","top":"112px","width":"57.00006px","height":"34px"},
{"name": "C4BPI05 COA1","title":"","type":"","status":"","color":"#f0f0f0","position":"absolute","left":"251px","top":"207px","width":"57.00007px","height":"34px"},
{"name": "C4BPI05 COA1 COA","title":"COA","type":"","status":"","color":"#f0f0f0","position":"absolute","left":"260px","top":"212px","width":"40px","height":"24px"},
{"name": "C4BPI05 COA2 COA","title":"COA","type":"","status":"","color":"#f0f0f0","position":"absolute","left":"261px","top":"118px","width":"40px","height":"24px"},
{"name": "C4BPI05 TR03","title":"TR03","type":"machine","status":"","color":"#f0f0f0","position":"absolute","left":"309px","top":"147px","width":"31px","height":"60px"},
{"name": "C4BPI05 TR03 RBT","title":"RBT","type":"","status":"","color":"#f0f0f0","position":"absolute","left":"312px","top":"169px","width":"23px","height":"23px"},
{"name": "C4BPI05 PRE1","title":"","type":"","status":"","color":"#f0f0f0","position":"absolute","left":"341px","top":"147px","width":"47px","height":"60px"},
{"name": "C4BPI05 PRE1 PC1","title":"PC1","type":"","status":"","color":"#f0f0f0","position":"absolute","left":"352px","top":"180px","width":"27px","height":"22px"},
{"name": "C4BPI05 PRE1 PC2","title":"PC2","type":"","status":"","color":"#f0f0f0","position":"absolute","left":"353px","top":"152px","width":"27px","height":"22px"},
{"name": "C4BPI05 TR04","title":"TR04","type":"machine","status":"","color":"#ffff7f","position":"absolute","left":"389px","top":"147px","width":"31px","height":"60px"},
{"name": "C4BPI05 TR04 RBT","title":"RBT","type":"","status":"","color":"#f0f0f0","position":"absolute","left":"394px","top":"169px","width":"22.99996px","height":"23px"},
{"name": "C4BPI05 TR04 B03","title":"BF03","type":"","status":"","color":"#f0f0f0","position":"absolute","left":"396.9999px","top":"149px","width":"20.00012px","height":"16.00002px"},
{"name": "C4BPI05 PMI1","title":"","type":"","status":"","color":"#f0f0f0","position":"absolute","left":"375px","top":"112px","width":"57.00007px","height":"34px"},
{"name": "C4BPI05 PMI1 PMI","title":"PMI","type":"","status":"","color":"#f0f0f0","position":"absolute","left":"385px","top":"117px","width":"40px","height":"24px"},
{"name": "C4BPI05 PII1","title":"PII1","type":"","status":"","color":"#f0f0f0","position":"absolute","left":"421.0001px","top":"161px","width":"70.99989px","height":"32px"},
{"name": "C4BPI05 TR07","title":"TR07","type":"machine","status":"","color":"#ffff7f","position":"absolute","left":"492.0001px","top":"147px","width":"101.9999px","height":"60px"},
{"name": "C4BPI05 PII1 PII","title":"PII","type":"","status":"","color":"#f0f0f0","position":"absolute","left":"427px","top":"170px","width":"60.00012px","height":"17px"},
{"name": "C4BPI05 TR07 RBT","title":"RBT","type":"","status":"","color":"#f0f0f0","position":"absolute","left":"531px","top":"169px","width":"22.99995px","height":"23px"},
{"name": "C4BPI05 TR07 B03","title":"BF03","type":"","status":"","color":"#f0f0f0","position":"absolute","left":"493.9999px","top":"171px","width":"20.00012px","height":"16.00002px"},
{"name": "C4BPI05 TR07 TA3","title":"TA3","type":"","status":"","color":"#f0f0f0","position":"absolute","left":"573px","top":"172px","width":"18.0001px","height":"16.99998px"},
{"name": "C4BPI05 TR07 B04","title":"BF04","type":"","status":"","color":"#f0f0f0","position":"absolute","left":"551.9999px","top":"191px","width":"20.00012px","height":"16.00002px"},
{"name": "C4BPI05 TR06","title":"TR06","type":"machine","status":"","color":"#f0f0f0","position":"absolute","left":"492px","top":"208px","width":"31px","height":"33px"},
{"name": "C4BPI05 TR05","title":"TR05","type":"machine","status":"","color":"#ffff7f","position":"absolute","left":"494px","top":"114px","width":"31px","height":"33px"},
{"name": "C4BPI05 TR06 RBT","title":"RBT","type":"","status":"","color":"#f0f0f0","position":"absolute","left":"495px","top":"213px","width":"22.99995px","height":"23px"},
{"name": "C4BPI05 TR05 RBT","title":"RBT","type":"","status":"","color":"#f0f0f0","position":"absolute","left":"495px","top":"119px","width":"22.99995px","height":"23px"},
{"name": "C4BPI05 PMO1","title":"","type":"","status":"","color":"#f0f0f0","position":"absolute","left":"474px","top":"241px","width":"69px","height":"46px"},
{"name": "C4BPI05 PMO2","title":"","type":"","status":"","color":"#f0f0f0","position":"absolute","left":"474px","top":"69px","width":"69px","height":"46px"},
{"name": "C4BPI05 PMO1 PM1","title":"PMO1","type":"","status":"","color":"#f0f0f0","position":"absolute","left":"482px","top":"251px","width":"21px","height":"27px"},
{"name": "C4BPI05 PMO1 PM2","title":"PMO2","type":"","status":"","color":"#f0f0f0","position":"absolute","left":"514px","top":"251px","width":"21px","height":"27px"},
{"name": "C4BPI05 PMO2 PM3","title":"PMO3","type":"","status":"","color":"#f0f0f0","position":"absolute","left":"482px","top":"79px","width":"21px","height":"27px"},
{"name": "C4BPI05 PMO2 PM4","title":"PMO4","type":"","status":"","color":"#f0f0f0","position":"absolute","left":"514px","top":"79px","width":"21px","height":"27px"},
{"name": "C4BPI05 TR08","title":"TR08","type":"machine","status":"","color":"#f0f0f0","position":"absolute","left":"595.0001px","top":"147px","width":"48.99988px","height":"60px"},
{"name": "C4BPI05 TR08 RBT","title":"RBT","type":"","status":"","color":"#f0f0f0","position":"absolute","left":"602px","top":"170px","width":"22.99995px","height":"23px"},
{"name": "C4BPI05 TR08 B05","title":"BF05","type":"","status":"","color":"#f0f0f0","position":"absolute","left":"623.9999px","top":"189px","width":"20.00012px","height":"16.00002px"},
{"name": "C4BPI05 PIR1","title":"","type":"","status":"","color":"#f0f0f0","position":"absolute","left":"548px","top":"112px","width":"46px","height":"34px"},
{"name": "C4BPI05 PIR1 PIR","title":"PIR","type":"","status":"","color":"#f0f0f0","position":"absolute","left":"558px","top":"117px","width":"29px","height":"24px"},
{"name": "C4BPI05 UCV1","title":"","type":"machine","status":"","color":"#ffff7f","position":"absolute","left":"644.0001px","top":"147px","width":"102.9999px","height":"43px"},
{"name": "C4BPI05 UCV1 CV1","title":"ULD CV1","type":"","status":"","color":"#f0f0f0","position":"absolute","left":"656px","top":"161px","width":"76px","height":"16px"},
{"name": "C4BPI05 UD01","title":"UD01","type":"machine","status":"","color":"#f0f0f0","position":"absolute","left":"681.0001px","top":"191px","width":"101.9999px","height":"93px"},
{"name": "C4BPI05 UD01 U04","title":"P04","type":"","status":"","color":"#f0f0f0","position":"absolute","left":"689px","top":"254px","width":"23px","height":"23.00003px"},
{"name": "C4BPI05 UD01 U05","title":"P05","type":"","status":"","color":"#f0f0f0","position":"absolute","left":"721px","top":"254px","width":"23px","height":"23.00003px"},
{"name": "C4BPI05 UD01 U06","title":"P06","type":"","status":"","color":"#f0f0f0","position":"absolute","left":"754px","top":"254px","width":"23px","height":"23.00003px"},
{"name": "C4BPI05 UD01 U01","title":"P01","type":"","status":"","color":"#f0f0f0","position":"absolute","left":"689px","top":"225px","width":"23px","height":"23.00003px"},
{"name": "C4BPI05 UD01 U02","title":"P02","type":"","status":"","color":"#f0f0f0","position":"absolute","left":"721px","top":"225px","width":"23px","height":"23.00003px"},
{"name": "C4BPI05 UD01 U03","title":"P03","type":"","status":"","color":"#f0f0f0","position":"absolute","left":"754px","top":"225px","width":"23px","height":"23.00003px"},
{"name": "C4BPI05 UD01 RBT","title":"RBT","type":"","status":"","color":"#f0f0f0","position":"absolute","left":"721px","top":"195px","width":"22.99995px","height":"23px"}

]
